{
    "orders": [
        {
            "id": 1,
            "name": "Unique Room Name",
            "roomtype": "Bedroom",
            "length": 7,
            "width": 8,
            "height": 9,
            "maskCover": 1,
            "rrHardware": 1,
            "roomSetupBreakdown": 1,
            "cleanTouchup": 5,
            "furnitureTreatment": 1,
            "windowTreatment": 1,
            "prepWoodwork": 1,
            "patchTexture": 1,
            "wallsHeight": "9to14ft",
            "wallsPrimeCoats": 2,
            "wallsPaintCoats": 2,
            "wallsPaintFinish": "flat",
            "ceilingsPrimeCoats": 1,
            "ceilingsPaintCoats": 1,
            "ceilingsPaintFinish": "flat",
            "bullnoseAccentHrs": 1,
            "closetsHrs": 1,
            "doorsFlat": 1,
            "doorsFlatCoats": 1,
            "doorsFlatFinish": "semigloss",
            "doorsPaneled": 1,
            "doorsPaneledCoats": 1,
            "doorsPaneledFinish": "semigloss",
            "doorsFrench": 1,
            "doorsFrenchCoats": 1,
            "doorsFrenchFinish": "semigloss",
            "doorsCasings": 1,
            "doorsCasingsCoats": 1,
            "doorsCasingsFinish": "semigloss",
            "baseboardType": "Type 1",
            "baseboardCoats": 1,
            "baseboardFinish": "semigloss",
            "windowsCasings": 1,
            "windowsCasingsCoats": 1,
            "windowsCasingsFinish": "semigloss",
            "windows11": 1,
            "windows11Coats": 1,
            "windows11Finish": "semigloss",
            "windows37Panel": 1,
            "windows37PanelCoats": 1,
            "windows37PanelFinish": "semigloss",
            "windowsSingleFrame": 1,
            "windowsSingleFrameCoats": 1,
            "windowsSingleFrameFinish": "semigloss",
            "windowsSills": 1,
            "windowsSillsCoats": 1,
            "windowsSillsFinish": "semigloss",
            "aprons": "hasAprons",
            "chairRailCoats": 1,
            "chairRailFinish": "semigloss",
            "crownMoldingCoats": 1,
            "crownMoldingFinish": "semigloss",
            "cabinetry": 1
        },
        {
            "id": 2,
            "name": "Bathroom",
            "roomtype": "Bathroom",
            "length": 5,
            "width": 6,
            "height": 7,
            "maskCover": 5,
            "rrHardware": 0,
            "roomSetupBreakdown": 2,
            "cleanTouchup": 3,
            "furnitureTreatment": 0,
            "windowTreatment": 0,
            "prepWoodwork": 0,
            "patchTexture": 5,
            "wallsHeight": "0to9ft",
            "wallsPrimeCoats": 1,
            "wallsPaintCoats": 2,
            "wallsPaintFinish": "flat",
            "ceilingsPrimeCoats": 0,
            "ceilingsPaintCoats": 0,
            "ceilingsPaintFinish": "flat",
            "bullnoseAccentHrs": 0,
            "closetsHrs": 0,
            "doorsFlat": 0,
            "doorsFlatCoats": 0,
            "doorsFlatFinish": "semigloss",
            "doorsPaneled": 1,
            "doorsPaneledCoats": 2,
            "doorsPaneledFinish": "semigloss",
            "doorsFrench": 0,
            "doorsFrenchCoats": 0,
            "doorsFrenchFinish": "semigloss",
            "doorsCasings": 1,
            "doorsCasingsCoats": 1,
            "doorsCasingsFinish": "semigloss",
            "baseboardType": "Type 1",
            "baseboardCoats": 1,
            "baseboardFinish": "semigloss",
            "windowsCasings": 0,
            "windowsCasingsCoats": 0,
            "windowsCasingsFinish": "semigloss",
            "windows11": 0,
            "windows11Coats": 0,
            "windows11Finish": "semigloss",
            "windows37Panel": 0,
            "windows37PanelCoats": 0,
            "windows37PanelFinish": "semigloss",
            "windowsSingleFrame": 0,
            "windowsSingleFrameCoats": 0,
            "windowsSingleFrameFinish": "semigloss",
            "windowsSills": 1,
            "windowsSillsCoats": 1,
            "windowsSillsFinish": "semigloss",
            "aprons": "noAprons",
            "chairRailCoats": 0,
            "chairRailFinish": "semigloss",
            "crownMoldingCoats": 0,
            "crownMoldingFinish": "semigloss",
            "cabinetry": 0
        }
    ]
}